Identifier;MeasureGroupId;Index;Title;Description;DataType;Unit;Decimals;PresentationType
D003829_1;M004986;4;Totaal slachtoffers;Personen die in de afgelopen 12 maanden slachtoffer zijn geweest van één of meerdere online delicten.;Float;%;1;
M007791_2;M007791_1;6;Totaal;"Slachtoffers van online criminaliteit die emotionele/psychische of financiële problemen hebben/hadden als gevolg van één of meerdere delicten.
";Float;% slachtoffers;1;
A051850_1;M007791_1;7;Emotionele of psychische problemen;"Slachtoffers van online criminaliteit die emotionele/psychische problemen hebben/hadden als gevolg van één of meerdere delicten.
";Float;% slachtoffers;1;
A051860_1;M007791_1;8;Financiële problemen;"Slachtoffers van online criminaliteit die financiële problemen hebben/hadden als gevolg van één of meerdere delicten.
";Float;% slachtoffers;1;
T001508_1;M004986;9;Melding;Slachtoffers van online criminaliteit die melding hebben gedaan van één of meerdere delicten. Het gaat niet alleen om melding bij de politie, maar ook om melding bij andere instanties of personen.;Float;% slachtoffers;1;
T001502_1;M004986;10;Aangifte bij politie;Slachtoffers van online criminaliteit die aangifte hebben gedaan bij de politie van één of meerdere delicten.;Float;% slachtoffers;1;
D003829_2;M007792;12;Totaal slachtoffers;Personen die in de afgelopen 12 maanden slachtoffer zijn geweest van online oplichting of online fraude.;Float;%;1;
D003829_3;A047529;14;Totaal slachtoffers;"Personen die in de afgelopen 12 maanden één of meerdere keren slachtoffer zijn geweest van aankoopfraude.
";Float;%;1;
D000060_1;A047529;15;Eenmalige slachtoffers;Personen die in de afgelopen 12 maanden één keer slachtoffer zijn geweest van aankoopfraude.;Float;%;1;
D000061_1;A047529;16;Herhaalde slachtoffers;Personen die in de afgelopen 12 maanden meerdere keren slachtoffer zijn geweest van aankoopfraude.;Float;%;1;
M007791_4;M007791_3;18;Totaal;"Slachtoffers die door het voorval emotionele/psychische of financiële problemen hebben/hadden.
";Float;% slachtoffers;1;
A051850_2;M007791_3;19;Emotionele of psychische problemen;"Slachtoffers die door het voorval emotionele/psychische problemen hebben/hadden.
";Float;% slachtoffers;1;
A051860_2;M007791_3;20;Financiële problemen;"Slachtoffers die door het voorval financiële problemen hebben/hadden.
";Float;% slachtoffers;1;
A051869_1;T001644_1;22;Voel(de) me minder veilig;;Float;% slachtoffers;1;
A051870_1;T001644_1;23;Minder vertrouwen in mensen;;Float;% slachtoffers;1;
A051871_1;T001644_1;24;Beleef(de) voorval telkens opnieuw;;Float;% slachtoffers;1;
A051872_1;T001644_1;25;Slaapproblemen;;Float;% slachtoffers;1;
A051873_1;T001644_1;26;Angstklachten en/of paniekaanvallen;;Float;% slachtoffers;1;
A051874_1;T001644_1;27;Depressieve klachten;;Float;% slachtoffers;1;
T001508_2;M007849_1;29;Melding totaal;Slachtoffers die melding hebben gedaan bij de politie en/of bij het handelsplatform (bijv. Marktplaats, eBay, Facebook) en/of bij de Fraudehelpdesk en/of bij een consumentenorganisatie (bijv. de Consumentenbond, Kassa of Radar) en/of bij een andere instantie van de aankoopfraude.;Float;% slachtoffers;1;
A047526_1;M007849_1;30;Melding bij politie;;Float;% slachtoffers;1;
A051914_1;M007849_1;31;Melding bij handelsplatform;;Float;% slachtoffers;1;
A051915_1;M007849_1;32;Melding bij verkoper, (nep)webshop;;Float;% slachtoffers;1;
A051916_1;M007849_1;33;Melding bij Fraudehelpdesk;;Float;% slachtoffers;1;
A047527_1;M007849_1;34;Melding bij consumentenorganisatie;;Float;% slachtoffers;1;
A047575_1;M007849_1;35;Melding bij andere instantie;;Float;% slachtoffers;1;
T001502_2;M007849_1;36;Aangifte bij politie totaal;;Float;% slachtoffers;1;
A047493_1;M007849_1;37;Aangifte via internet;;Float;% slachtoffers;1;
A051832_1;M007849_1;38;Aangifte via telefoon;;Float;% slachtoffers;1;
A051833_1;M007849_1;39;Aangifte op het bureau;;Float;% slachtoffers;1;
A051834_1;M007849_1;40;Aangifte op plek voorval (thuis);;Float;% slachtoffers;1;
A051835_1;M007849_1;41;Aangifte op andere manier;;Float;% slachtoffers;1;
A051837_1;T001641_1;43;Niet aan gedacht/niet belangrijk;;Float;% slachtoffers geen melding/aangifte;1;
A051838_1;T001641_1;44;Geen zin of tijd/teveel moeite;;Float;% slachtoffers geen melding/aangifte;1;
A051839_1;T001641_1;45;Niet aan toegekomen, gebeurt nog;;Float;% slachtoffers geen melding/aangifte;1;
A051840_1;T001641_1;46;Het helpt toch niets;;Float;% slachtoffers geen melding/aangifte;1;
A051841_1;T001641_1;47;Geen zaak voor politie;;Float;% slachtoffers geen melding/aangifte;1;
A051842_1;T001641_1;48;Financiële schade is al vergoed;;Float;% slachtoffers geen melding/aangifte;1;
A051843_1;T001641_1;49;Was al opgelost;;Float;% slachtoffers geen melding/aangifte;1;
A051844_1;T001641_1;50;Angst voor vervelende reactie/wraak;;Float;% slachtoffers geen melding/aangifte;1;
A051845_1;T001641_1;51;Door schuld of schaamtegevoel;;Float;% slachtoffers geen melding/aangifte;1;
A051846_1;T001641_1;52;Op advies van politie;;Float;% slachtoffers geen melding/aangifte;1;
A051847_1;T001641_1;53;Digitale melding/aangifte lukte niet;;Float;% slachtoffers geen melding/aangifte;1;
A051848_1;T001641_1;54;Anders;;Float;% slachtoffers geen melding/aangifte;1;
D003829_4;A047530;56;Totaal slachtoffers;"Personen die in de afgelopen 12 maanden één of meerdere keren slachtoffer zijn geweest van verkoopfraude.
";Float;%;1;
D000060_2;A047530;57;Eenmalige slachtoffers;Personen die in de afgelopen 12 maanden één keer slachtoffer zijn geweest van verkoopfraude.;Float;%;1;
D000061_2;A047530;58;Herhaalde slachtoffers;Personen die in de afgelopen 12 maanden meerdere keren slachtoffer zijn geweest van verkoopfraude.;Float;%;1;
M007791_6;M007791_5;60;Totaal;"Slachtoffers die door het voorval emotionele/psychische of financiële problemen hebben/hadden.
";Float;% slachtoffers;1;
A051850_3;M007791_5;61;Emotionele of psychische problemen;"Slachtoffers die door het voorval emotionele/psychische problemen hebben/hadden.
";Float;% slachtoffers;1;
A051860_3;M007791_5;62;Financiële problemen;"Slachtoffers die door het voorval financiële problemen hebben/hadden.
";Float;% slachtoffers;1;
A051869_2;T001644_2;64;Voel(de) me minder veilig;;Float;% slachtoffers;1;
A051870_2;T001644_2;65;Minder vertrouwen in mensen;;Float;% slachtoffers;1;
A051871_2;T001644_2;66;Beleef(de) voorval telkens opnieuw;;Float;% slachtoffers;1;
A051872_2;T001644_2;67;Slaapproblemen;;Float;% slachtoffers;1;
A051873_2;T001644_2;68;Angstklachten en/of paniekaanvallen;;Float;% slachtoffers;1;
A051874_2;T001644_2;69;Depressieve klachten;;Float;% slachtoffers;1;
T001508_3;M007849_2;71;Melding totaal;Slachtoffers die melding hebben gedaan bij de politie en/of bij het handelsplatform (bijv. Marktplaats, eBay, Facebook) en/of bij de Fraudehelpdesk en/of bij een consumentenorganisatie (bijv. de Consumentenbond, Kassa of Radar) en/of bij een andere instantie.;Float;% slachtoffers;1;
A047526_2;M007849_2;72;Melding bij politie;;Float;% slachtoffers;1;
A051914_2;M007849_2;73;Melding bij handelsplatform;;Float;% slachtoffers;1;
A051915_2;M007849_2;74;Melding bij Fraudehelpdesk;;Float;% slachtoffers;1;
A047527_2;M007849_2;75;Melding bij consumentenorganisatie;;Float;% slachtoffers;1;
A047575_2;M007849_2;76;Melding bij andere instantie;;Float;% slachtoffers;1;
T001502_3;M007849_2;77;Aangifte bij politie totaal;;Float;% slachtoffers;1;
A047493_2;M007849_2;78;Aangifte via internet;;Float;% slachtoffers;1;
A051832_2;M007849_2;79;Aangifte via telefoon;;Float;% slachtoffers;1;
A051833_2;M007849_2;80;Aangifte op het bureau;;Float;% slachtoffers;1;
A051834_2;M007849_2;81;Aangifte op plek voorval (thuis);;Float;% slachtoffers;1;
A051835_2;M007849_2;82;Aangifte op andere manier;;Float;% slachtoffers;1;
A051837_2;T001641_2;84;Niet aan gedacht/niet belangrijk;;Float;% slachtoffers geen melding/aangifte;1;
A051838_2;T001641_2;85;Geen zin of tijd/teveel moeite;;Float;% slachtoffers geen melding/aangifte;1;
A051839_2;T001641_2;86;Niet aan toegekomen, gebeurt nog;;Float;% slachtoffers geen melding/aangifte;1;
A051840_2;T001641_2;87;Het helpt toch niets;;Float;% slachtoffers geen melding/aangifte;1;
A051841_2;T001641_2;88;Geen zaak voor politie;;Float;% slachtoffers geen melding/aangifte;1;
A051842_2;T001641_2;89;Financiële schade is al vergoed;;Float;% slachtoffers geen melding/aangifte;1;
A051843_2;T001641_2;90;Was al opgelost;;Float;% slachtoffers geen melding/aangifte;1;
A051844_2;T001641_2;91;Angst voor vervelende reactie/wraak;;Float;% slachtoffers geen melding/aangifte;1;
A051845_2;T001641_2;92;Door schuld of schaamtegevoel;;Float;% slachtoffers geen melding/aangifte;1;
A051846_2;T001641_2;93;Op advies van politie;;Float;% slachtoffers geen melding/aangifte;1;
A051847_2;T001641_2;94;Digitale melding/aangifte lukte niet;;Float;% slachtoffers geen melding/aangifte;1;
A051848_2;T001641_2;95;Anders;;Float;% slachtoffers geen melding/aangifte;1;
D003829_5;A050840_1;97;Totaal slachtoffers;Personen die in de afgelopen 12 maanden slachtoffer zijn geweest van fraude in het betalingsverkeer.;Float;%;1;
A051917;A050840_2;99;Bankpas/creditcard uitgeleend;;Float;% slachtoffers;1;
A051918;A050840_2;100;Bankpas opgestuurd/pincode doorgegeven;;Float;% slachtoffers;1;
A051919;A050840_2;101;Bankpas/creditcard gekopieerd;Bankpas/creditcard gekopieerd bij geldautomaat;Float;% slachtoffers;1;
A051920;A050840_2;102;Bankpas/creditcardgegevens gestolen;;Float;% slachtoffers;1;
A051921;A050840_2;103;Betaalgegevens ingevoerd op nepsite/-app;;Float;% slachtoffers;1;
A051922;A050840_2;104;Online betaalaccount gehackt;;Float;% slachtoffers;1;
A051923;A050840_2;105;Geïnfecteerd programma geïnstalleerd;;Float;% slachtoffers;1;
A051924;A050840_2;106;Anders;;Float;% slachtoffers;1;
A051926;A051925;108;Zelf opgemerkt;;Float;% slachtoffers;1;
A051927;A051925;109;Door bank;;Float;% slachtoffers;1;
M007791_8;M007791_7;111;Totaal;"Slachtoffers die door het voorval emotionele/psychische of financiële problemen hebben/hadden.
";Float;% slachtoffers;1;
A051850_4;M007791_7;112;Emotionele of psychische problemen;"Slachtoffers die door het voorval emotionele/psychische problemen hebben/hadden.
";Float;% slachtoffers;1;
A051860_4;M007791_7;113;Financiële problemen;"Slachtoffers die door het voorval financiële problemen hebben/hadden.
";Float;% slachtoffers;1;
A051869_3;T001644_3;115;Voel(de) me minder veilig;;Float;% slachtoffers;1;
A051870_3;T001644_3;116;Minder vertrouwen in mensen;;Float;% slachtoffers;1;
A051871_3;T001644_3;117;Beleef(de) voorval telkens opnieuw;;Float;% slachtoffers;1;
A051872_3;T001644_3;118;Slaapproblemen;;Float;% slachtoffers;1;
A051873_3;T001644_3;119;Angstklachten en/of paniekaanvallen;;Float;% slachtoffers;1;
A051874_3;T001644_3;120;Depressieve klachten;;Float;% slachtoffers;1;
T001508_4;M007849_3;122;Melding totaal;Slachtoffers die melding hebben gedaan bij de politie en/of bij de bank en/of bij de Fraudehelpdesk en/of bij een andere instantie.;Float;% slachtoffers;1;
A047526_3;M007849_3;123;Melding bij politie;;Float;% slachtoffers;1;
A047574;M007849_3;124;Melding bij bank;;Float;% slachtoffers;1;
A051916_2;M007849_3;125;Melding bij Fraudehelpdesk;;Float;% slachtoffers;1;
A047575_3;M007849_3;126;Melding bij andere instantie;;Float;% slachtoffers;1;
T001502_4;M007849_3;127;Aangifte bij politie totaal;;Float;% slachtoffers;1;
A047493_3;M007849_3;128;Aangifte via internet;;Float;% slachtoffers;1;
A051832_3;M007849_3;129;Aangifte via telefoon;;Float;% slachtoffers;1;
A051833_3;M007849_3;130;Aangifte op het bureau;;Float;% slachtoffers;1;
A051834_3;M007849_3;131;Aangifte op plek voorval (thuis);;Float;% slachtoffers;1;
A051835_3;M007849_3;132;Aangifte op andere manier;;Float;% slachtoffers;1;
A051837_3;T001641_3;134;Niet aan gedacht/niet belangrijk;;Float;% slachtoffers geen melding/aangifte;1;
A051838_3;T001641_3;135;Geen zin of tijd/teveel moeite;;Float;% slachtoffers geen melding/aangifte;1;
A051839_3;T001641_3;136;Niet aan toegekomen, gebeurt nog;;Float;% slachtoffers geen melding/aangifte;1;
A051840_3;T001641_3;137;Het helpt toch niets;;Float;% slachtoffers geen melding/aangifte;1;
A051841_3;T001641_3;138;Geen zaak voor politie;;Float;% slachtoffers geen melding/aangifte;1;
A051842_3;T001641_3;139;Financiële schade is al vergoed;;Float;% slachtoffers geen melding/aangifte;1;
A051843_3;T001641_3;140;Was al opgelost;;Float;% slachtoffers geen melding/aangifte;1;
A051844_3;T001641_3;141;Angst voor vervelende reactie/wraak;;Float;% slachtoffers geen melding/aangifte;1;
A051845_3;T001641_3;142;Door schuld of schaamtegevoel;;Float;% slachtoffers geen melding/aangifte;1;
A051846_3;T001641_3;143;Op advies van politie;;Float;% slachtoffers geen melding/aangifte;1;
A051847_3;T001641_3;144;Digitale melding/aangifte lukte niet;;Float;% slachtoffers geen melding/aangifte;1;
A051848_3;T001641_3;145;Anders;;Float;% slachtoffers geen melding/aangifte;1;
D003829_6;T001527;147;Totaal slachtoffers;Personen die in de afgelopen 12 maanden slachtoffer zijn geweest van identiteitsfraude.;Float;%;1;
A051928;T001654;149;Door post/oud papier te doorzoeken;;Float;% slachtoffers;1;
A051929;T001654;150;Diefstal paspoort/ID-kaart/rijbewijs;;Float;% slachtoffers;1;
A051930;T001654;151;Kopie paspoort/ID-kaart/rijbewijs;Doordat de dader een kopie heeft gemaakt van paspoort, ID-kaart of rijbewijs.;Float;% slachtoffers;1;
A051931;T001654;152;Zelf kopie paspoort/ID-kaart/rijbewijs;Door zelf een kopie van paspoort, ID-kaart of rijbewijs te sturen naar de dader.;Float;% slachtoffers;1;
A051932;T001654;153;Met DigiD ingelogd op nepwebsite of -app;;Float;% slachtoffers;1;
A051933;T001654;154;Persoonsgegevens ingevuld op nepwebsite;Door persoonsgegevens in te vullen op een nepwebsite of -app.;Float;% slachtoffers;1;
A051934;T001654;155;Via sociale media;;Float;% slachtoffers;1;
A051935;T001654;156;Door hacken bedrijf met mijn gegevens;;Float;% slachtoffers;1;
A051936;T001654;157;Zelf gehackt;;Float;% slachtoffers;1;
A051937;T001654;158;Andere manier;;Float;% slachtoffers;1;
M007791_10;M007791_9;160;Totaal;"Slachtoffers die door het voorval emotionele/psychische of financiële problemen hebben/hadden.
";Float;% slachtoffers;1;
A051850_5;M007791_9;161;Emotionele of psychische problemen;"Slachtoffers die door het voorval emotionele/psychische problemen hebben/hadden.
";Float;% slachtoffers;1;
A051860_5;M007791_9;162;Financiële problemen;"Slachtoffers die door het voorval financiële problemen hebben/hadden.
";Float;% slachtoffers;1;
A051869_4;T001644_4;164;Voel(de) me minder veilig;;Float;% slachtoffers;1;
A051870_4;T001644_4;165;Minder vertrouwen in mensen;;Float;% slachtoffers;1;
A051871_4;T001644_4;166;Beleef(de) voorval telkens opnieuw;;Float;% slachtoffers;1;
A051872_4;T001644_4;167;Slaapproblemen;;Float;% slachtoffers;1;
A051873_4;T001644_4;168;Angstklachten en/of paniekaanvallen;;Float;% slachtoffers;1;
A051874_4;T001644_4;169;Depressieve klachten;;Float;% slachtoffers;1;
T001508_5;M007849_4;171;Melding totaal;Slachtoffers die melding hebben gedaan bij de politie en/of bij het Centraal Meldpunt Identiteitsfraude en -fouten (CMI) en/of bij de Fraudehelpdesk en/of bij een andere instantie.;Float;% slachtoffers;1;
A047526_4;M007849_4;172;Melding bij politie;;Float;% slachtoffers;1;
A051938;M007849_4;173;Melding bij CMI;;Float;% slachtoffers;1;
A051916_3;M007849_4;174;Melding bij Fraudehelpdesk;;Float;% slachtoffers;1;
A047575_4;M007849_4;175;Melding bij andere instantie;;Float;% slachtoffers;1;
T001502_5;M007849_4;176;Aangifte bij politie totaal;;Float;% slachtoffers;1;
A047493_4;M007849_4;177;Aangifte via internet;;Float;% slachtoffers;1;
A051832_4;M007849_4;178;Aangifte via telefoon;;Float;% slachtoffers;1;
A051833_4;M007849_4;179;Aangifte op het bureau;;Float;% slachtoffers;1;
A051834_4;M007849_4;180;Aangifte op plek voorval (thuis);;Float;% slachtoffers;1;
A051835_4;M007849_4;181;Aangifte op andere manier;;Float;% slachtoffers;1;
A051837_4;T001641_4;183;Niet aan gedacht/niet belangrijk;;Float;% slachtoffers geen melding/aangifte;1;
A051838_4;T001641_4;184;Geen zin of tijd/teveel moeite;;Float;% slachtoffers geen melding/aangifte;1;
A051839_4;T001641_4;185;Niet aan toegekomen, gebeurt nog;;Float;% slachtoffers geen melding/aangifte;1;
A051840_4;T001641_4;186;Het helpt toch niets;;Float;% slachtoffers geen melding/aangifte;1;
A051841_4;T001641_4;187;Geen zaak voor politie;;Float;% slachtoffers geen melding/aangifte;1;
A051842_4;T001641_4;188;Financiële schade is al vergoed;;Float;% slachtoffers geen melding/aangifte;1;
A051843_4;T001641_4;189;Was al opgelost;;Float;% slachtoffers geen melding/aangifte;1;
A051844_4;T001641_4;190;Angst voor vervelende reactie/wraak;;Float;% slachtoffers geen melding/aangifte;1;
A051845_4;T001641_4;191;Door schuld of schaamtegevoel;;Float;% slachtoffers geen melding/aangifte;1;
A051846_4;T001641_4;192;Op advies van politie;;Float;% slachtoffers geen melding/aangifte;1;
A051847_4;T001641_4;193;Digitale melding/aangifte lukte niet;;Float;% slachtoffers geen melding/aangifte;1;
A051848_4;T001641_4;194;Anders;;Float;% slachtoffers geen melding/aangifte;1;
D003829_7;A047711_1;196;Totaal slachtoffers;Personen die in de afgelopen 12 maanden slachtoffer zijn geweest van phishing, dat wil zeggen geld verloren door in een berichtje van een oplichter te trappen.;Float;%;1;
A051939;A047711_1;197;Personen frauduleuze berichten ontvangen;Personen die in de afgelopen 12 maanden weleens een telefoontje, e-mail, of ander bericht hebben ontvangen dat (waarschijnlijk) van een oplichter was.;Float;%;1;
A051940;A047711_1;198;Personen erin getrapt;Personen die in de afgelopen 12 maanden weleens in een bericht van een oplichter zijn getrapt, ongeacht of ze daarbij ook geld hebben verloren.;Float;%;1;
A051941;A047711_2;200;Geld betaald;;Float;% slachtoffers;1;
A051942;A047711_2;201;Bankpas opgestuurd;;Float;% slachtoffers;1;
A051943;A047711_2;202;Pincode doorgegeven;;Float;% slachtoffers;1;
A051944;A047711_2;203;Inloggegevens opgestuurd of doorgegeven;;Float;% slachtoffers;1;
A051945;A047711_2;204;Geld overgeboekt naar neprekening;;Float;% slachtoffers;1;
A051946;A047711_2;205;Gegevens ingevoerd op nepwebsite of -app;;Float;% slachtoffers;1;
A051947;A047711_2;206;Onbekend (buitenlands) nr teruggebeld;;Float;% slachtoffers;1;
A051948;A047711_2;207;Oplichter toegang gegeven tot apparaat;;Float;% slachtoffers;1;
A051949;A047711_2;208;Op een link geklikt;;Float;% slachtoffers;1;
A051950;A047711_2;209;Iets anders;;Float;% slachtoffers;1;
A051951;T001655;211;Deed zich voor als medewerker bank ;;Float;% slachtoffers;1;
A051952;T001655;212;Deed zich voor als medewerker helpdesk;;Float;% slachtoffers;1;
A052696;T001655;213;Deed zich voor als beleggingsbedrijf;Oplichter deed zich voor als medewerker van een beleggingsbedrijf. Deze antwoordoptie is nieuw toegevoegd in 2023.;Float;% slachtoffers;1;
A051953;T001655;214;Deed zich voor als familielid of vriend;;Float;% slachtoffers;1;
A051954;T001655;215;Deed alsof ik gratis voucher/prijs kreeg;;Float;% slachtoffers;1;
A051955;T001655;216;Deed of ik loterij gewonnen had/erfenis ;;Float;% slachtoffers;1;
A051956;T001655;217;Deed of ik boete/factuur moest betalen ;;Float;% slachtoffers;1;
A051957;T001655;218;Deed alsof hij/zij relatie met me wilde ;;Float;% slachtoffers;1;
A051958;T001655;219;Bedreigen/chanteren met naaktbeelden;;Float;% slachtoffers;1;
A051959;T001655;220;Bedreigen/chanteren met iets anders;;Float;% slachtoffers;1;
A051960;T001655;221;Iets anders;;Float;% slachtoffers;1;
M007791_12;M007791_11;223;Totaal;Slachtoffers die door het voorval emotionele/psychische of financiële problemen hebben/hadden.;Float;% slachtoffers;1;
A051850_6;M007791_11;224;Emotionele of psychische problemen;"Slachtoffers die door het voorval emotionele/psychische problemen hebben/hadden.
";Float;% slachtoffers;1;
A051860_6;M007791_11;225;Financiële problemen;"Slachtoffers die door het voorval financiële problemen hebben/hadden.
";Float;% slachtoffers;1;
A051869_5;T001644_5;227;Voel(de) me minder veilig;;Float;% slachtoffers;1;
A051870_5;T001644_5;228;Minder vertrouwen in mensen;;Float;% slachtoffers;1;
A051871_5;T001644_5;229;Beleef(de) voorval telkens opnieuw;;Float;% slachtoffers;1;
A051872_5;T001644_5;230;Slaapproblemen;;Float;% slachtoffers;1;
A051873_5;T001644_5;231;Angstklachten en/of paniekaanvallen;;Float;% slachtoffers;1;
A051874_5;T001644_5;232;Depressieve klachten;;Float;% slachtoffers;1;
T001508_6;M007849_5;234;Melding totaal;Slachtoffers die melding hebben gedaan bij de politie en/of bij de Fraudehelpdesk en/of bij een andere instantie.;Float;% slachtoffers;1;
A047526_5;M007849_5;235;Melding bij politie;;Float;% slachtoffers;1;
A051916_4;M007849_5;236;Melding bij Fraudehelpdesk;;Float;% slachtoffers;1;
A047575_5;M007849_5;237;Melding bij anders;;Float;% slachtoffers;1;
T001502_6;M007849_5;238;Aangifte bij politie totaal;;Float;% slachtoffers;1;
A047493_5;M007849_5;239;Aangifte via internet;;Float;% slachtoffers;1;
A051832_5;M007849_5;240;Aangifte via telefoon;;Float;% slachtoffers;1;
A051833_5;M007849_5;241;Aangifte op het bureau;;Float;% slachtoffers;1;
A051834_5;M007849_5;242;Aangifte op plek voorval (thuis);;Float;% slachtoffers;1;
A051835_5;M007849_5;243;Aangifte op andere manier;;Float;% slachtoffers;1;
A051837_5;T001641_5;245;Niet aan gedacht/niet belangrijk;;Float;% slachtoffers geen melding/aangifte;1;
A051838_5;T001641_5;246;Geen zin of tijd/teveel moeite;;Float;% slachtoffers geen melding/aangifte;1;
A051839_5;T001641_5;247;Niet aan toegekomen, gebeurt nog;;Float;% slachtoffers geen melding/aangifte;1;
A051840_5;T001641_5;248;Het helpt toch niets;;Float;% slachtoffers geen melding/aangifte;1;
A051841_5;T001641_5;249;Geen zaak voor politie;;Float;% slachtoffers geen melding/aangifte;1;
A051842_5;T001641_5;250;Financiële schade is al vergoed;;Float;% slachtoffers geen melding/aangifte;1;
A051843_5;T001641_5;251;Was al opgelost;;Float;% slachtoffers geen melding/aangifte;1;
A051844_5;T001641_5;252;Angst voor vervelende reactie/wraak;;Float;% slachtoffers geen melding/aangifte;1;
A051845_5;T001641_5;253;Door schuld of schaamtegevoel;;Float;% slachtoffers geen melding/aangifte;1;
A051846_5;T001641_5;254;Op advies van politie;;Float;% slachtoffers geen melding/aangifte;1;
A051847_5;T001641_5;255;Digitale melding/aangifte lukte niet;;Float;% slachtoffers geen melding/aangifte;1;
A051848_5;T001641_5;256;Anders;;Float;% slachtoffers geen melding/aangifte;1;
D003829_8;T001510_1;258;Totaal slachtoffers;Personen die in de afgelopen 12 maanden slachtoffer zijn geweest van hacken.;Float;%;1;
D003829_9;A050841_1;260;Totaal slachtoffers;Personen die in de afgelopen 12 maanden slachtoffer zijn geweest van het hacken van een apparaat.;Float;%;1;
D000060_3;A050841_1;261;Eenmalige slachtoffers;Personen die in de afgelopen 12 maanden één keer slachtoffer zijn geweest van het hacken van een apparaat.;Float;%;1;
D000061_3;A050841_1;262;Herhaalde slachtoffers;Personen die in de afgelopen 12 maanden meerdere keren slachtoffer zijn geweest van het hacken van een apparaat.;Float;%;1;
M000704;A050841_2;264;Computer (desktop of laptop);;Float;% slachtoffers;1;
M000648;A050841_2;265;Mobiele telefoon of smartphone;;Float;% slachtoffers;1;
D000358;A050841_2;266;Tablet;;Float;% slachtoffers;1;
M007910;A050841_2;267;Smartwatch;;Float;% slachtoffers;1;
M007911;A050841_2;268;WiFi-router;;Float;% slachtoffers;1;
D007744;A050841_2;269;Huishoudelijk apparaat;;Float;% slachtoffers;1;
A047535_1;A050841_2;270;Iets anders;;Float;% slachtoffers;1;
A051961_2;A051961_1;273;Totaal;Het apparaat of gegevens waren geblokkeerd.;Float;% slachtoffers;1;
A051962_1;A051961_1;274;Afpersing;Het apparaat of gegevens waren geblokkeerd waarbij de dader om geld vroeg om weer toegang tot het apparaat of de bestanden te krijgen.;Float;% slachtoffers met geblokkeerd apparaat of bestanden;1;
A051963_1;A051961_1;275;Afperser geld betaald;Het apparaat of gegevens waren geblokkeerd waarbij de dader om geld vroeg om weer toegang tot het apparaat of de bestanden te krijgen (afpersing), en het slachtoffer het gevraagde bedrag heeft betaald.;Float;% slachtoffers met geblokkeerd apparaat of bestanden waarbij dader geld vroeg;1;
A051964_2;A051964_1;277;Totaal;Gegevens of bestanden waren gekopieerd.;Float;% slachtoffers;1;
A051962_2;A051964_1;278;Afpersing;Gegevens of bestanden waren gekopieerd waarbij de dader om geld vroeg om het verspreiden of openbaar maken hiervan te voorkomen.;Float;% slachtoffers met gekopieerde gegevens of bestanden;1;
A051963_2;A051964_1;279;Afperser geld betaald;Gegevens of bestanden waren gekopieerd waarbij de dader om geld vroeg om het verspreiden of openbaar maken hiervan te voorkomen (afpersing), en het slachtoffer het gevraagde bedrag heeft betaald.;Float;% slachtoffers met gekopieerde gegevens of bestanden waarbij dader geld vroeg;1;
A051965;T001510_2;280;Gegevens of bestanden verwijderd;;Float;% slachtoffers;1;
A051966;T001510_2;281;Gegevens of bestanden gewijzigd;;Float;% slachtoffers;1;
A047535_2;T001510_2;282;Iets anders;;Float;% slachtoffers;1;
A051968_1;A051967_1;284;Op link, bijlage of filmpje geklikt;;Float;% slachtoffers;1;
A051969;A051967_1;285;Programma geïnstalleerd;;Float;% slachtoffers;1;
A051970;A051967_1;286;Geïnfecteerde usb/harde schijf gebruikt;;Float;% slachtoffers;1;
A051971_1;A051967_1;287;Gegevens op nepwebsite/app ingevoerd;;Float;% slachtoffers;1;
A051972_1;A051967_1;288;Dader zelf toegang gegeven;;Float;% slachtoffers;1;
A051973_1;A051967_1;289;Dader had fysieke toegang tot apparaat;;Float;% slachtoffers;1;
A051974;A051967_1;290;Dader is aan inloggegevens gekomen;;Float;% slachtoffers;1;
A047535_3;A051967_1;291;Iets anders;;Float;% slachtoffers;1;
M007791_14;M007791_13;293;Totaal;"Slachtoffers die door het voorval emotionele/psychische of financiële problemen hebben/hadden.
";Float;% slachtoffers;1;
A051850_7;M007791_13;294;Emotionele of psychische problemen;"Slachtoffers die door het voorval emotionele/psychische problemen hebben/hadden.
";Float;% slachtoffers;1;
A051860_7;M007791_13;295;Financiële problemen;"Slachtoffers die door het voorval financiële problemen hebben/hadden.
";Float;% slachtoffers;1;
A051869_6;T001644_6;297;Voel(de) me minder veilig;;Float;% slachtoffers;1;
A051870_6;T001644_6;298;Minder vertrouwen in mensen;;Float;% slachtoffers;1;
A051871_6;T001644_6;299;Beleef(de) voorval telkens opnieuw;;Float;% slachtoffers;1;
A051872_6;T001644_6;300;Slaapproblemen;;Float;% slachtoffers;1;
A051873_6;T001644_6;301;Angstklachten en/of paniekaanvallen;;Float;% slachtoffers;1;
A051874_6;T001644_6;302;Depressieve klachten;;Float;% slachtoffers;1;
T001508_7;M007849_6;304;Melding totaal;Slachtoffers die melding hebben gedaan bij de politie en/of bij een andere instantie.;Float;% slachtoffers;1;
A047526_6;M007849_6;305;Melding bij politie;;Float;% slachtoffers;1;
A047575_6;M007849_6;306;Melding andere instantie;;Float;% slachtoffers;1;
T001502_7;M007849_6;307;Aangifte bij politie totaal;;Float;% slachtoffers;1;
A047493_6;M007849_6;308;Aangifte via internet;;Float;% slachtoffers;1;
A051832_6;M007849_6;309;Aangifte via telefoon;;Float;% slachtoffers;1;
A051833_6;M007849_6;310;Aangifte op het bureau;;Float;% slachtoffers;1;
A051834_6;M007849_6;311;Aangifte op plek voorval (thuis);;Float;% slachtoffers;1;
A051835_6;M007849_6;312;Aangifte op andere manier;;Float;% slachtoffers;1;
A051837_6;T001641_6;314;Niet aan gedacht/niet belangrijk;;Float;% slachtoffers geen melding/aangifte;1;
A051838_6;T001641_6;315;Geen zin of tijd/teveel moeite;;Float;% slachtoffers geen melding/aangifte;1;
A051839_6;T001641_6;316;Niet aan toegekomen, gebeurt nog;;Float;% slachtoffers geen melding/aangifte;1;
A051840_6;T001641_6;317;Het helpt toch niets;;Float;% slachtoffers geen melding/aangifte;1;
A051841_6;T001641_6;318;Geen zaak voor politie;;Float;% slachtoffers geen melding/aangifte;1;
A051842_6;T001641_6;319;Financiële schade is al vergoed;;Float;% slachtoffers geen melding/aangifte;1;
A051843_6;T001641_6;320;Was al opgelost;;Float;% slachtoffers geen melding/aangifte;1;
A051844_6;T001641_6;321;Angst voor vervelende reactie/wraak;;Float;% slachtoffers geen melding/aangifte;1;
A051845_6;T001641_6;322;Door schuld of schaamtegevoel;;Float;% slachtoffers geen melding/aangifte;1;
A051846_6;T001641_6;323;Op advies van politie;;Float;% slachtoffers geen melding/aangifte;1;
A051847_6;T001641_6;324;Digitale melding/aangifte lukte niet;;Float;% slachtoffers geen melding/aangifte;1;
A051848_6;T001641_6;325;Anders;;Float;% slachtoffers geen melding/aangifte;1;
D003829_10;A050842_1;327;Totaal slachtoffers;Personen die in de afgelopen 12 maanden slachtoffer zijn geweest van het hacken van een account.;Float;%;1;
D000060_4;A050842_1;328;Eenmalige slachtoffers;Personen die in de afgelopen 12 maanden één keer slachtoffer zijn geweest van het hacken van een account.;Float;%;1;
D000061_4;A050842_1;329;Herhaalde slachtoffers;Personen die in de afgelopen 12 maanden meerdere keren slachtoffer zijn geweest van het hacken van een account.;Float;%;1;
A047533;A050842_2;331;E-mail;;Float;% slachtoffers;1;
A051975;A050842_2;332;Sociale media;;Float;% slachtoffers;1;
A051976;A050842_2;333;WiFi-router account;;Float;% slachtoffers;1;
A051977;A050842_2;334;Clouddienst;;Float;% slachtoffers;1;
A051978;A050842_2;335;Bankaccount/internetbankieren;;Float;% slachtoffers;1;
A051979;A050842_2;336;Handelsplatform;;Float;% slachtoffers;1;
A051980;A050842_2;337;Webwinkelaccount;;Float;% slachtoffers;1;
A051981;A050842_2;338;Andere online dienst;;Float;% slachtoffers;1;
A051982;A050842_2;339;Ander account;;Float;% slachtoffers;1;
A051983_2;A051983_1;342;Totaal;Het account was (tijdelijk) geblokkeerd.;Float;% slachtoffers;1;
A051962_3;A051983_1;343;Afpersing;Het account was (tijdelijk) geblokkeerd waarbij de dader om geld vroeg om weer toegang tot het account te krijgen.;Float;% slachtoffers met (tijdelijk) geblokkeerd account;1;
A051963_3;A051983_1;344;Afperser geld betaald;Het account was (tijdelijk) geblokkeerd waarbij de dader om geld vroeg om weer toegang tot het account te krijgen (afpersing), en het slachtoffer het gevraagde bedrag heeft betaald.;Float;% slachtoffers met (tijdelijk) geblokkeerd account waarbij dader geld vroeg;1;
A051984;A050842_3;345;Mails/berichten vanuit account verspreid;;Float;% slachtoffers;1;
A051985;A050842_3;346;(Poging tot) aankopen vanuit account;;Float;% slachtoffers;1;
A051986;A050842_3;347;Lening of abonnement aangevraagd ;;Float;% slachtoffers;1;
A051987;A050842_3;348;Geld van rekening of creditcard gehaald;;Float;% slachtoffers;1;
A051988;A050842_3;349;Gegevens/wachtw gewijzigd of verspreid;;Float;% slachtoffers;1;
A051964_4;A051964_3;351;Totaal;Gegevens/documenten zijn gekopieerd (video's, foto's, etc.).;Float;% slachtoffers;1;
A051962_4;A051964_3;352;Afpersing;Gegevens/documenten zijn gekopieerd (video's, foto's, etc.) waarbij de dader om geld vroeg om het verspreiden of openbaar maken hiervan te voorkomen.;Float;% slachtoffers met gekpieerde gegevens/documenten;1;
A051963_4;A051964_3;353;Afperser geld betaald;Gegevens/documenten zijn gekopieerd (video's, foto's, etc.) waarbij de dader om geld vroeg om het verspreiden of openbaar maken hiervan te voorkomen (afpersing), en het slachtoffer het gevraagde bedrag heeft betaald.;Float;% slachtoffers met gekpieerde gegevens/documenten waarbij de dader geld vroeg;1;
A047535_4;A050842_3;354;Iets anders;;Float;% slachtoffers;1;
A051968_2;A051967_2;356;Op link, bijlage of filmpje geklikt;;Float;% slachtoffers;1;
A051989;A051967_2;357;Bedrijf in bezit gegevens gehackt ;;Float;% slachtoffers;1;
A051990;A051967_2;358;Wachtwoord geautomatiseerd achterhaald;;Float;% slachtoffers;1;
A051991;A051967_2;359;Wachtwoord gewoon geraden;;Float;% slachtoffers;1;
A051971_2;A051967_2;360;Gegevens op nepwebsite/app ingevoerd;;Float;% slachtoffers;1;
A051972_2;A051967_2;361;Dader zelf toegang gegeven;;Float;% slachtoffers;1;
A051973_2;A051967_2;362;Dader had fysieke toegang tot apparaat;;Float;% slachtoffers;1;
A047535_5;A051967_2;363;Iets anders;;Float;% slachtoffers;1;
M007791_16;M007791_15;365;Totaal;"Slachtoffers die door het voorval emotionele/psychische of financiële problemen hebben/hadden.
";Float;% slachtoffers;1;
A051850_8;M007791_15;366;Emotionele of psychische problemen;"Slachtoffers die door het voorval emotionele/psychische problemen hebben/hadden.
";Float;% slachtoffers;1;
A051860_8;M007791_15;367;Financiële problemen;"Slachtoffers die door het voorval financiële problemen hebben/hadden.
";Float;% slachtoffers;1;
A051869_7;T001644_7;369;Voel(de) me minder veilig;;Float;% slachtoffers;1;
A051870_7;T001644_7;370;Minder vertrouwen in mensen;;Float;% slachtoffers;1;
A051871_7;T001644_7;371;Beleef(de) voorval telkens opnieuw;;Float;% slachtoffers;1;
A051872_7;T001644_7;372;Slaapproblemen;;Float;% slachtoffers;1;
A051873_7;T001644_7;373;Angstklachten en/of paniekaanvallen;;Float;% slachtoffers;1;
A051874_7;T001644_7;374;Depressieve klachten;;Float;% slachtoffers;1;
T001508_8;M007849_7;376;Melding totaal;Slachtoffers die melding hebben gedaan bij de politie en/of bij de instantie van het account (bijv. bank, Google, Apple) en/of bij de internetprovider (bijv. KPN, Vodafone) en/of bij een andere instantie.;Float;% slachtoffers;1;
A047526_7;M007849_7;377;Melding bij politie;;Float;% slachtoffers;1;
A051993;M007849_7;378;Melding bij instantie account;Slachtoffers die melding hebben gedaan bij de instantie van het account (bijv. bank, Google, Apple);Float;% slachtoffers;1;
A051992;M007849_7;379;Melding bij internetprovider;Slachtoffers die melding hebben gedaan bij de internetprovider (bijv. KPN, Vodafone);Float;% slachtoffers;1;
A047575_7;M007849_7;380;Melding bij andere instantie;;Float;% slachtoffers;1;
T001502_8;M007849_7;381;Aangifte bij politie totaal;;Float;% slachtoffers;1;
A047493_7;M007849_7;382;Aangifte via internet;;Float;% slachtoffers;1;
A051832_7;M007849_7;383;Aangifte via telefoon;;Float;% slachtoffers;1;
A051833_7;M007849_7;384;Aangifte op het bureau;;Float;% slachtoffers;1;
A051834_7;M007849_7;385;Aangifte op plek voorval (thuis);;Float;% slachtoffers;1;
A051835_7;M007849_7;386;Aangifte op andere manier;;Float;% slachtoffers;1;
A051837_7;T001641_7;388;Niet aan gedacht/niet belangrijk;;Float;% slachtoffers geen melding/aangifte;1;
A051838_7;T001641_7;389;Geen zin of tijd/teveel moeite;;Float;% slachtoffers geen melding/aangifte;1;
A051839_7;T001641_7;390;Niet aan toegekomen, gebeurt nog;;Float;% slachtoffers geen melding/aangifte;1;
A051840_7;T001641_7;391;Het helpt toch niets;;Float;% slachtoffers geen melding/aangifte;1;
A051841_7;T001641_7;392;Geen zaak voor politie;;Float;% slachtoffers geen melding/aangifte;1;
A051842_7;T001641_7;393;Financiële schade is al vergoed;;Float;% slachtoffers geen melding/aangifte;1;
A051843_7;T001641_7;394;Was al opgelost;;Float;% slachtoffers geen melding/aangifte;1;
A051844_7;T001641_7;395;Angst voor vervelende reactie/wraak;;Float;% slachtoffers geen melding/aangifte;1;
A051845_7;T001641_7;396;Door schuld of schaamtegevoel;;Float;% slachtoffers geen melding/aangifte;1;
A051846_7;T001641_7;397;Op advies van politie;;Float;% slachtoffers geen melding/aangifte;1;
A051847_7;T001641_7;398;Digitale melding/aangifte lukte niet;;Float;% slachtoffers geen melding/aangifte;1;
A051848_7;T001641_7;399;Anders;;Float;% slachtoffers geen melding/aangifte;1;
D003829_11;T001511;401;Totaal slachtoffers;Personen die in de afgelopen 12 maanden slachtoffer zijn geweest van online bedreiging of online intimidatie.;Float;%;1;
D003829_12;A050843;403;Totaal slachtoffers;Personen die in de afgelopen 12 maanden slachtoffer zijn geweest van online bedreiging.;Float;%;1;
D000060_5;A050843;404;Eenmalige slachtoffers;Slachtoffers van online bedreiging die in de afgelopen 12 maanden één keer slachtoffer zijn geweest.;Float;% slachtoffers;1;
D000061_5;A050843;405;Herhaalde slachtoffers;Slachtoffers van online bedreiging die in de afgelopen 12 maanden meerdere keren slachtoffer zijn geweest;Float;% slachtoffers;1;
T001503_2;T001503_1;407;Kende dader(s);;Float;% slachtoffers;1;
A047496_1;T001503_3;409;Dader partner;;Float;% slachtoffers;1;
A047497_1;T001503_3;410;Dader ex-partner;;Float;% slachtoffers;1;
A051815_2;A051815_1;412;Totaal;;Float;% slachtoffers;1;
A051816_1;A051815_1;413;Vader;;Float;% slachtoffers;1;
A051817_1;A051815_1;414;Moeder;;Float;% slachtoffers;1;
A051818_1;A051815_1;415;Broer;;Float;% slachtoffers;1;
A051819_1;A051815_1;416;Zus;;Float;% slachtoffers;1;
A051820_1;A051815_1;417;Zoon;;Float;% slachtoffers;1;
A051821_1;A051815_1;418;Dochter;;Float;% slachtoffers;1;
A051822_1;A051815_1;419;Oom;;Float;% slachtoffers;1;
A051823_1;A051815_1;420;Tante;;Float;% slachtoffers;1;
A051880_1;A051815_1;421;Ander mannelijk familielid;;Float;% slachtoffers;1;
A051881_1;A051815_1;422;Ander vrouwelijk familielid;;Float;% slachtoffers;1;
A047499_1;T001503_3;423;Dader buurtgenoot;;Float;% slachtoffers;1;
A051824_1;T001503_3;424;Dader vriend of vriendin;;Float;% slachtoffers;1;
A051825_1;T001503_3;425;Dader collega;;Float;% slachtoffers;1;
A051826_1;T001503_3;426;Dader leidinggevende;;Float;% slachtoffers;1;
A051827_1;T001503_3;427;Dader medestudent;;Float;% slachtoffers;1;
A051828_1;T001503_3;428;Dader docent of andere leraar;;Float;% slachtoffers;1;
A051829_1;T001503_3;429;Dader bekende van sport of hobby;;Float;% slachtoffers;1;
A051830_1;T001503_3;430;Dader zorgverlener;;Float;% slachtoffers;1;
A047501_1;T001503_3;431;Dader andere bekende;;Float;% slachtoffers;1;
M007791_18;M007791_17;433;Totaal;"Slachtoffers die door het voorval emotionele/psychische of financiële problemen hebben/hadden.
";Float;% slachtoffers;1;
A051850_9;M007791_17;434;Emotionele of psychische problemen;"Slachtoffers die door het voorval emotionele/psychische problemen hebben/hadden.
";Float;% slachtoffers;1;
A051860_9;M007791_17;435;Financiële problemen;"Slachtoffers die door het voorval financiële problemen hebben/hadden.
";Float;% slachtoffers;1;
A051869_8;T001644_8;437;Voel(de) me minder veilig;;Float;% slachtoffers;1;
A051870_8;T001644_8;438;Minder vertrouwen in mensen;;Float;% slachtoffers;1;
A051871_8;T001644_8;439;Beleef(de) voorval telkens opnieuw;;Float;% slachtoffers;1;
A051872_8;T001644_8;440;Slaapproblemen;;Float;% slachtoffers;1;
A051873_8;T001644_8;441;Angstklachten en/of paniekaanvallen;;Float;% slachtoffers;1;
A051874_8;T001644_8;442;Depressieve klachten;;Float;% slachtoffers;1;
A047526_8;D000059;444;Melding bij politie;Het gaat hier uitsluitend om melding bij de politie.;Float;% slachtoffers;1;
T001502_9;D000059;445;Aangifte bij politie totaal;;Float;% slachtoffers;1;
A047493_8;D000059;446;Aangifte via internet;;Float;% slachtoffers;1;
A051832_8;D000059;447;Aangifte via telefoon;;Float;% slachtoffers;1;
A051833_8;D000059;448;Aangifte op het bureau;;Float;% slachtoffers;1;
A051834_8;D000059;449;Aangifte op plek voorval (thuis);;Float;% slachtoffers;1;
A051835_8;D000059;450;Aangifte op andere manier;;Float;% slachtoffers;1;
A051837_8;T001641_8;452;Niet aan gedacht/niet belangrijk;;Float;% slachtoffers geen melding/aangifte;1;
A051838_8;T001641_8;453;Geen zin of tijd/teveel moeite;;Float;% slachtoffers geen melding/aangifte;1;
A051839_8;T001641_8;454;Niet aan toegekomen, gebeurt nog;;Float;% slachtoffers geen melding/aangifte;1;
A051840_8;T001641_8;455;Het helpt toch niets;;Float;% slachtoffers geen melding/aangifte;1;
A051841_8;T001641_8;456;Geen zaak voor politie;;Float;% slachtoffers geen melding/aangifte;1;
A051842_8;T001641_8;457;Financiële schade is al vergoed;;Float;% slachtoffers geen melding/aangifte;1;
A051843_8;T001641_8;458;Was al opgelost;;Float;% slachtoffers geen melding/aangifte;1;
A051844_8;T001641_8;459;Angst voor vervelende reactie/wraak;;Float;% slachtoffers geen melding/aangifte;1;
A051845_8;T001641_8;460;Door schuld of schaamtegevoel;;Float;% slachtoffers geen melding/aangifte;1;
A051846_8;T001641_8;461;Op advies van politie;;Float;% slachtoffers geen melding/aangifte;1;
A051847_8;T001641_8;462;Digitale melding/aangifte lukte niet;;Float;% slachtoffers geen melding/aangifte;1;
A051848_8;T001641_8;463;Anders;;Float;% slachtoffers geen melding/aangifte;1;
D003829_13;A050844_1;465;Totaal slachtoffers;Personen die in de afgelopen 12 maanden slachtoffer zijn geweest van online pesten.;Float;%;1;
A051994;T001503_4;467;Kende dader(s) toen pesten begon;;Float;% slachtoffers;1;
A051995_1;T001503_4;468;Weet nu wie dader(s) is/zijn;;Float;% slachtoffers;1;
A051996_1;T001503_4;469;Kende dader(s) ook in echte leven;;Float;% slachtoffers;1;
A047496_2;T001503_5;471;Dader partner;;Float;% slachtoffers;1;
A047497_2;T001503_5;472;Dader ex-partner;;Float;% slachtoffers;1;
A051815_4;A051815_3;474;Totaal;;Float;% slachtoffers;1;
A051816_2;A051815_3;475;Vader;;Float;% slachtoffers;1;
A051817_2;A051815_3;476;Moeder;;Float;% slachtoffers;1;
A051818_2;A051815_3;477;Broer;;Float;% slachtoffers;1;
A051819_2;A051815_3;478;Zus;;Float;% slachtoffers;1;
A051820_2;A051815_3;479;Zoon;;Float;% slachtoffers;1;
A051821_2;A051815_3;480;Dochter;;Float;% slachtoffers;1;
A051822_2;A051815_3;481;Oom;;Float;% slachtoffers;1;
A051823_2;A051815_3;482;Tante;;Float;% slachtoffers;1;
A051880_2;A051815_3;483;Ander mannelijk familielid;;Float;% slachtoffers;1;
A051881_2;A051815_3;484;Ander vrouwelijk familielid;;Float;% slachtoffers;1;
A047499_2;T001503_5;485;Dader buurtgenoot;;Float;% slachtoffers;1;
A051824_2;T001503_5;486;Dader vriend of vriendin;;Float;% slachtoffers;1;
A051825_2;T001503_5;487;Dader collega;;Float;% slachtoffers;1;
A051826_2;T001503_5;488;Dader leidinggevende;;Float;% slachtoffers;1;
A051827_2;T001503_5;489;Dader medestudent;;Float;% slachtoffers;1;
A051828_2;T001503_5;490;Dader docent of andere leraar;;Float;% slachtoffers;1;
A051829_2;T001503_5;491;Dader bekende van sport of hobby;;Float;% slachtoffers;1;
A051830_2;T001503_5;492;Dader zorgverlener;;Float;% slachtoffers;1;
A047501_2;T001503_5;493;Dader andere bekende;;Float;% slachtoffers;1;
M007791_20;M007791_19;495;Totaal;"Slachtoffers die door het voorval emotionele/psychische of financiële problemen hebben/hadden.
";Float;% slachtoffers;1;
A051850_10;M007791_19;496;Emotionele of psychische problemen;"Slachtoffers die door het voorval emotionele/psychische problemen hebben/hadden.
";Float;% slachtoffers;1;
A051860_10;M007791_19;497;Financiële problemen;"Slachtoffers die door het voorval financiële problemen hebben/hadden.
";Float;% slachtoffers;1;
A051869_9;T001644_9;499;Voel(de) me minder veilig;;Float;% slachtoffers;1;
A051870_9;T001644_9;500;Minder vertrouwen in mensen;;Float;% slachtoffers;1;
A051871_9;T001644_9;501;Beleef(de) voorval telkens opnieuw;;Float;% slachtoffers;1;
A051872_9;T001644_9;502;Slaapproblemen;;Float;% slachtoffers;1;
A051873_9;T001644_9;503;Angstklachten en/of paniekaanvallen;;Float;% slachtoffers;1;
A051874_9;T001644_9;504;Depressieve klachten;;Float;% slachtoffers;1;
A052016_1;A050844_2;506;Als strafbaar, was een misdrijf;;Float;% slachtoffers;1;
A052017_1;A050844_2;507;Als verkeerd, maar niet als misdrijf;;Float;% slachtoffers;1;
A052018_1;A050844_2;508;Als iets dat toevallig gebeurde;;Float;% slachtoffers;1;
A052019_1;A050844_2;509;Als niet strafbaar, eigen schuld;;Float;% slachtoffers;1;
T001508_9;M007849_8;511;Melding totaal;Slachtoffers die melding hebben gedaan bij familie, vrienden en/of op school en/of op het werk en/of bij Veilig Thuis en/of bij sociale media en/of bij de politie / Meld Misdaad Anoniem en/of bij een andere instantie.;Float;% slachtoffers;1;
A051997_1;M007849_8;512;Melding bij familie, vrienden;;Float;% slachtoffers;1;
A051998_1;M007849_8;513;Melding op school;;Float;% slachtoffers;1;
A051999_1;M007849_8;514;Melding op werk;;Float;% slachtoffers;1;
A052000;M007849_8;515;Melding bij meldpunt;;Float;% slachtoffers;1;
A052001_1;M007849_8;516;Melding bij Veilig Thuis;;Float;% slachtoffers;1;
A052002;M007849_8;517;Melding bij sociale media;;Float;% slachtoffers;1;
A052004_1;M007849_8;518;Melding bij politie/Meld Misdaad Anoniem;;Float;% slachtoffers;1;
A047575_8;M007849_8;519;Melding bij andere instantie;;Float;% slachtoffers;1;
T001502_10;M007849_8;520;Aangifte bij politie totaal;;Float;% slachtoffers;1;
A047493_9;M007849_8;521;Aangifte via internet;;Float;% slachtoffers;1;
A051832_9;M007849_8;522;Aangifte via telefoon;;Float;% slachtoffers;1;
A051833_9;M007849_8;523;Aangifte op het bureau;;Float;% slachtoffers;1;
A051834_9;M007849_8;524;Aangifte op plek voorval (thuis);;Float;% slachtoffers;1;
A051835_9;M007849_8;525;Aangifte op andere manier;;Float;% slachtoffers;1;
A051837_9;T001641_9;527;Niet aan gedacht/niet belangrijk;;Float;% slachtoffers geen melding/aangifte;1;
A051838_9;T001641_9;528;Geen zin of tijd/teveel moeite;;Float;% slachtoffers geen melding/aangifte;1;
A051839_9;T001641_9;529;Niet aan toegekomen, gebeurt nog;;Float;% slachtoffers geen melding/aangifte;1;
A051840_9;T001641_9;530;Het helpt toch niets;;Float;% slachtoffers geen melding/aangifte;1;
A051841_9;T001641_9;531;Geen zaak voor politie;;Float;% slachtoffers geen melding/aangifte;1;
A051842_9;T001641_9;532;Financiële schade is al vergoed;;Float;% slachtoffers geen melding/aangifte;1;
A051843_9;T001641_9;533;Was al opgelost;;Float;% slachtoffers geen melding/aangifte;1;
A051844_9;T001641_9;534;Angst voor vervelende reactie/wraak;;Float;% slachtoffers geen melding/aangifte;1;
A051845_9;T001641_9;535;Door schuld of schaamtegevoel;;Float;% slachtoffers geen melding/aangifte;1;
A051846_9;T001641_9;536;Op advies van politie;;Float;% slachtoffers geen melding/aangifte;1;
A051847_9;T001641_9;537;Digitale melding/aangifte lukte niet;;Float;% slachtoffers geen melding/aangifte;1;
A051848_9;T001641_9;538;Anders;;Float;% slachtoffers geen melding/aangifte;1;
D003829_14;A047538;540;Totaal slachtoffers;Personen die in de afgelopen 12 maanden slachtoffer zijn geweest van online stalking.;Float;%;1;
A052003;T001503_6;542;Kende dader(s) toen stalken begon;;Float;% slachtoffers;1;
A051995_2;T001503_6;543;Weet nu wie dader(s) is/zijn;;Float;% slachtoffers;1;
A051996_2;T001503_6;544;Kende dader(s) ook in echte leven;;Float;% slachtoffers;1;
A047496_3;T001503_7;546;Dader partner;;Float;% slachtoffers;1;
A047497_3;T001503_7;547;Dader ex-partner;;Float;% slachtoffers;1;
A051815_6;A051815_5;549;Totaal;;Float;% slachtoffers;1;
A051816_3;A051815_5;550;Vader;;Float;% slachtoffers;1;
A051817_3;A051815_5;551;Moeder;;Float;% slachtoffers;1;
A051818_3;A051815_5;552;Broer;;Float;% slachtoffers;1;
A051819_3;A051815_5;553;Zus;;Float;% slachtoffers;1;
A051820_3;A051815_5;554;Zoon;;Float;% slachtoffers;1;
A051821_3;A051815_5;555;Dochter;;Float;% slachtoffers;1;
A051822_3;A051815_5;556;Oom;;Float;% slachtoffers;1;
A051823_3;A051815_5;557;Tante;;Float;% slachtoffers;1;
A051880_3;A051815_5;558;Ander mannelijk familielid;;Float;% slachtoffers;1;
A051881_3;A051815_5;559;Ander vrouwelijk familielid;;Float;% slachtoffers;1;
A047499_3;T001503_7;560;Dader buurtgenoot;;Float;% slachtoffers;1;
A051824_3;T001503_7;561;Dader vriend of vriendin;;Float;% slachtoffers;1;
A051825_3;T001503_7;562;Dader collega;;Float;% slachtoffers;1;
A051826_3;T001503_7;563;Dader leidinggevende;;Float;% slachtoffers;1;
A051827_3;T001503_7;564;Dader medestudent;;Float;% slachtoffers;1;
A051828_3;T001503_7;565;Dader docent of andere leraar;;Float;% slachtoffers;1;
A051829_3;T001503_7;566;Dader bekende van sport of hobby;;Float;% slachtoffers;1;
A051830_3;T001503_7;567;Dader zorgverlener;;Float;% slachtoffers;1;
A047501_3;T001503_7;568;Dader andere bekende;;Float;% slachtoffers;1;
M007791_22;M007791_21;570;Totaal;"Slachtoffers die door het voorval emotionele/psychische of financiële problemen hebben/hadden.
";Float;% slachtoffers;1;
A051850_11;M007791_21;571;Emotionele of psychische problemen;"Slachtoffers die door het voorval emotionele/psychische problemen hebben/hadden.
";Float;% slachtoffers;1;
A051860_11;M007791_21;572;Financiële problemen;"Slachtoffers die door het voorval financiële problemen hebben/hadden.
";Float;% slachtoffers;1;
A051869_10;T001644_10;574;Voel(de) me minder veilig;;Float;% slachtoffers;1;
A051870_10;T001644_10;575;Minder vertrouwen in mensen;;Float;% slachtoffers;1;
A051871_10;T001644_10;576;Beleef(de) voorval telkens opnieuw;;Float;% slachtoffers;1;
A051872_10;T001644_10;577;Slaapproblemen;;Float;% slachtoffers;1;
A051873_10;T001644_10;578;Angstklachten en/of paniekaanvallen;;Float;% slachtoffers;1;
A051874_10;T001644_10;579;Depressieve klachten;;Float;% slachtoffers;1;
A052016_2;T001645;581;Als strafbaar, was een misdrijf;;Float;% slachtoffers;1;
A052017_2;T001645;582;Als verkeerd, maar niet als misdrijf;;Float;% slachtoffers;1;
A052018_2;T001645;583;Als iets dat toevallig gebeurde;;Float;% slachtoffers;1;
A052019_2;T001645;584;Als niet strafbaar, eigen schuld;;Float;% slachtoffers;1;
T001508_10;M007849_9;586;Melding totaal;Slachtoffers die melding hebben gedaan bij familie, vrienden en/of bij een leerkracht of de schooldirectie en/of eigen werkgever en/of bij Veilig Thuis en/of bij de politie en/of bij een andere instantie.;Float;% slachtoffers;1;
A051997_2;M007849_9;587;Melding bij familie, vrienden;;Float;% slachtoffers;1;
A051998_2;M007849_9;588;Melding op school;;Float;% slachtoffers;1;
A051999_2;M007849_9;589;Melding op werk;;Float;% slachtoffers;1;
A052001_2;M007849_9;590;Melding bij Veilig Thuis;;Float;% slachtoffers;1;
A052004_2;M007849_9;591;Melding bij politie/Meld Misdaad Anoniem;;Float;% slachtoffers;1;
A047575_9;M007849_9;592;Melding bij andere instantie;;Float;% slachtoffers;1;
T001502_11;M007849_9;593;Aangifte bij politie totaal;;Float;% slachtoffers;1;
A047493_10;M007849_9;594;Aangifte via internet;;Float;% slachtoffers;1;
A051832_10;M007849_9;595;Aangifte via telefoon;;Float;% slachtoffers;1;
A051833_10;M007849_9;596;Aangifte op het bureau;;Float;% slachtoffers;1;
A051834_10;M007849_9;597;Aangifte op plek voorval (thuis);;Float;% slachtoffers;1;
A051835_10;M007849_9;598;Aangifte op andere manier;;Float;% slachtoffers;1;
A051838_10;T001641_10;600;Geen zin of tijd/teveel moeite;;Float;% slachtoffers geen melding/aangifte;1;
A051837_10;T001641_10;601;Niet aan gedacht/niet belangrijk;;Float;% slachtoffers geen melding/aangifte;1;
A051839_10;T001641_10;602;Niet aan toegekomen, gebeurt nog;;Float;% slachtoffers geen melding/aangifte;1;
A051840_10;T001641_10;603;Het helpt toch niets;;Float;% slachtoffers geen melding/aangifte;1;
A051841_10;T001641_10;604;Geen zaak voor politie;;Float;% slachtoffers geen melding/aangifte;1;
A051842_10;T001641_10;605;Financiële schade is al vergoed;;Float;% slachtoffers geen melding/aangifte;1;
A051843_10;T001641_10;606;Was al opgelost;;Float;% slachtoffers geen melding/aangifte;1;
A051844_10;T001641_10;607;Angst voor vervelende reactie/wraak;;Float;% slachtoffers geen melding/aangifte;1;
A051845_10;T001641_10;608;Door schuld of schaamtegevoel;;Float;% slachtoffers geen melding/aangifte;1;
A051846_10;T001641_10;609;Op advies van politie;;Float;% slachtoffers geen melding/aangifte;1;
A051847_10;T001641_10;610;Digitale melding/aangifte lukte niet;;Float;% slachtoffers geen melding/aangifte;1;
A051848_10;T001641_10;611;Anders;;Float;% slachtoffers geen melding/aangifte;1;
D003829_15;A050845_1;613;Totaal slachtoffers;Personen die in de afgelopen 12 maanden slachtoffer zijn geweest van shamesexting.;Float;%;1;
A052005_2;A052005_1;616;Totaal;Dader vroeg om geld om het verspreiden van de beelden te voorkomen.;Float;% slachtoffers;1;
A052006;A052005_1;617;Gevraagde bedrag betaald;Dader vroeg om geld om het verspreiden van de beelden te voorkomen. Het slachtoffer heeft het gevraagde bedrag gedeeltelijk of volledig betaald.;Float;% slachtoffers verzocht om geld;1;
A052007;A052005_1;618;Gevraagde bedrag deels betaald;Dader vroeg om geld om het verspreiden van de beelden te voorkomen. Het slachtoffer heeft het gevraagde bedrag gedeeltelijk betaald.;Float;% slachtoffers verzocht om geld;1;
A052008;A052005_1;619;Gevraagde bedrag volledig betaald;Dader vroeg om geld om het verspreiden van de beelden te voorkomen. Het slachtoffer heeft het gevraagde bedrag volledig betaald.;Float;% slachtoffers verzocht om geld;1;
A052009;A052005_1;620;Gevraagde bedrag niet betaald;Dader vroeg om geld om het verspreiden van de beelden te voorkomen. Het slachtoffer heeft het gevraagde bedrag niet betaald.;Float;% slachtoffers verzocht om geld;1;
A052010_2;A052010_1;622;Totaal;Dader vroeg om meer naaktfoto's of -filmpjes om het verspreiden van de beelden te voorkomen.;Float;% slachtoffers;1;
A052011;A052010_1;623;Op verzoek ingegaan;Dader vroeg om meer naaktfoto's of -filmpjes om het verspreiden van de beelden te voorkomen. Het slachtoffer is op dit verzoek ingegaan.;Float;% slachtoffers verzocht om meer beelden;1;
A052012;A052010_1;624;Niet op verzoek ingegaan;Dader vroeg om meer naaktfoto's of -filmpjes om het verspreiden van de beelden te voorkomen. Het slachtoffer is niet op dit verzoek ingegaan.;Float;% slachtoffers verzocht om meer beelden;1;
A052013;A050845_2;625;Foto's/films al verspreid;De naakfoto's/-filmpjes waren al verspreid.;Float;% slachtoffers;1;
A052014;A050845_2;626;Online verspreiding beelden;De naaktfoto's/filmpjes zijn uiteindelijk (toch nog) online verspreid.;Float;% slachtoffers;1;
A052015;A050845_2;627;Angst verspreiding alsnog of opnieuw;;Float;% slachtoffers;1;
T001503_9;T001503_8;629;Kende dader;;Float;% slachtoffers;1;
A047496_4;T001503_10;631;Dader partner;;Float;% slachtoffers;1;
A047497_4;T001503_10;632;Dader ex-partner;;Float;% slachtoffers;1;
A051815_8;A051815_7;634;Totaal;;Float;% slachtoffers;1;
A051816_4;A051815_7;635;Vader;;Float;% slachtoffers;1;
A051817_4;A051815_7;636;Moeder;;Float;% slachtoffers;1;
A051818_4;A051815_7;637;Broer;;Float;% slachtoffers;1;
A051819_4;A051815_7;638;Zus;;Float;% slachtoffers;1;
A051820_4;A051815_7;639;Zoon;;Float;% slachtoffers;1;
A051821_4;A051815_7;640;Dochter;;Float;% slachtoffers;1;
A051822_4;A051815_7;641;Oom;;Float;% slachtoffers;1;
A051823_4;A051815_7;642;Tante;;Float;% slachtoffers;1;
A051880_4;A051815_7;643;Ander mannelijk familielid;;Float;% slachtoffers;1;
A051881_4;A051815_7;644;Ander vrouwelijk familielid;;Float;% slachtoffers;1;
A047499_4;T001503_10;645;Dader buurtgenoot;;Float;% slachtoffers;1;
A051824_4;T001503_10;646;Dader vriend of vriendin;;Float;% slachtoffers;1;
A051825_4;T001503_10;647;Dader collega;;Float;% slachtoffers;1;
A051826_4;T001503_10;648;Dader leidinggevende;;Float;% slachtoffers;1;
A051827_4;T001503_10;649;Dader medestudent;;Float;% slachtoffers;1;
A051828_4;T001503_10;650;Dader docent of andere leraar;;Float;% slachtoffers;1;
A051829_4;T001503_10;651;Dader bekende van sport of hobby;;Float;% slachtoffers;1;
A051830_4;T001503_10;652;Dader zorgverlener;;Float;% slachtoffers;1;
A047501_4;T001503_10;653;Dader andere bekende;;Float;% slachtoffers;1;
M007791_24;M007791_23;655;Totaal;"Slachtoffers die door het voorval emotionele/psychische of financiële problemen hebben/hadden.
";Float;% slachtoffers;1;
A051850_12;M007791_23;656;Emotionele of psychische problemen;"Slachtoffers die door het voorval emotionele/psychische problemen hebben/hadden.
";Float;% slachtoffers;1;
A051860_12;M007791_23;657;Financiële problemen;"Slachtoffers die door het voorval financiële problemen hebben/hadden.
";Float;% slachtoffers;1;
A051869_11;T001644_11;659;Voel(de) me minder veilig;;Float;% slachtoffers;1;
A051870_11;T001644_11;660;Minder vertrouwen in mensen;;Float;% slachtoffers;1;
A051871_11;T001644_11;661;Beleef(de) voorval telkens opnieuw;;Float;% slachtoffers;1;
A051872_11;T001644_11;662;Slaapproblemen;;Float;% slachtoffers;1;
A051873_11;T001644_11;663;Angstklachten en/of paniekaanvallen;;Float;% slachtoffers;1;
A051874_11;T001644_11;664;Depressieve klachten;;Float;% slachtoffers;1;
T001508_11;M007849_10;666;Melding totaal;Slachtoffers die melding hebben gedaan bij familie, vrienden en/of bij een leerkracht of de schooldirectie en/of eigen werkgever en/of bij Veilig Thuis en/of bij de politie en/of bij een andere instantie.;Float;% slachtoffers;1;
A051997_3;M007849_10;667;Melding bij familie, vrienden;;Float;% slachtoffers;1;
A051998_3;M007849_10;668;Melding op school;;Float;% slachtoffers;1;
A051999_3;M007849_10;669;Melding op werk;;Float;% slachtoffers;1;
A052001_3;M007849_10;670;Melding bij Veilig Thuis;;Float;% slachtoffers;1;
A052004_3;M007849_10;671;Melding bij politie/Meld Misdaad Anoniem;;Float;% slachtoffers;1;
A047575_10;M007849_10;672;Melding bij andere instantie;;Float;% slachtoffers;1;
T001502_12;M007849_10;673;Aangifte bij politie totaal;;Float;% slachtoffers;1;
A047493_11;M007849_10;674;Aangifte via internet;;Float;% slachtoffers;1;
A051832_11;M007849_10;675;Aangifte via telefoon;;Float;% slachtoffers;1;
A051833_11;M007849_10;676;Aangifte op het bureau;;Float;% slachtoffers;1;
A051834_11;M007849_10;677;Aangifte op plek voorval (thuis);;Float;% slachtoffers;1;
A051835_11;M007849_10;678;Aangifte op andere manier;;Float;% slachtoffers;1;
A051837_11;T001641_11;680;Niet aan gedacht/niet belangrijk;;Float;% slachtoffers geen melding/aangifte;1;
A051838_11;T001641_11;681;Geen zin of tijd/teveel moeite;;Float;% slachtoffers geen melding/aangifte;1;
A051839_11;T001641_11;682;Niet aan toegekomen, gebeurt nog;;Float;% slachtoffers geen melding/aangifte;1;
A051840_11;T001641_11;683;Het helpt toch niets;;Float;% slachtoffers geen melding/aangifte;1;
A051841_11;T001641_11;684;Geen zaak voor politie;;Float;% slachtoffers geen melding/aangifte;1;
A051842_11;T001641_11;685;Financiële schade is al vergoed;;Float;% slachtoffers geen melding/aangifte;1;
A051843_11;T001641_11;686;Was al opgelost;;Float;% slachtoffers geen melding/aangifte;1;
A051844_11;T001641_11;687;Angst voor vervelende reactie/wraak;;Float;% slachtoffers geen melding/aangifte;1;
A051845_11;T001641_11;688;Door schuld of schaamtegevoel;;Float;% slachtoffers geen melding/aangifte;1;
A051846_11;T001641_11;689;Op advies van politie;;Float;% slachtoffers geen melding/aangifte;1;
A051847_11;T001641_11;690;Digitale melding/aangifte lukte niet;;Float;% slachtoffers geen melding/aangifte;1;
A051848_11;T001641_11;691;Anders;;Float;% slachtoffers geen melding/aangifte;1;
A047541_2;A047541_1;693;Totaal slachtoffers;Personen die in de afgelopen 12 maanden slachtoffer zijn geweest van andere delicten via internet dan de voornoemde.;Float;%;1;
M007791_26;M007791_25;695;Totaal;"Slachtoffers die door het voorval emotionele/psychische of financiële problemen hebben/hadden.
";Float;% slachtoffers;1;
A051850_13;M007791_25;696;Emotionele of psychische problemen;"Slachtoffers die door het voorval emotionele/psychische problemen hebben/hadden.
";Float;% slachtoffers;1;
A051860_13;M007791_25;697;Financiële problemen;"Slachtoffers die door het voorval financiële problemen hebben/hadden.
";Float;% slachtoffers;1;
A051869_12;T001644_12;699;Voel(de) me minder veilig;;Float;% slachtoffers;1;
A051870_12;T001644_12;700;Minder vertrouwen in mensen;;Float;% slachtoffers;1;
A051871_12;T001644_12;701;Beleef(de) voorval telkens opnieuw;;Float;% slachtoffers;1;
A051872_12;T001644_12;702;Slaapproblemen;;Float;% slachtoffers;1;
A051873_12;T001644_12;703;Angstklachten en/of paniekaanvallen;;Float;% slachtoffers;1;
A051874_12;T001644_12;704;Depressieve klachten;;Float;% slachtoffers;1;
T001508_12;M007849_11;706;Melding totaal;Slachtoffers die melding hebben gedaan bij de politie en/of bij een andere instantie.;Float;% slachtoffers;1;
A047526_9;M007849_11;707;Melding bij politie;;Float;% slachtoffers;1;
A047575_11;M007849_11;708;Melding bij andere instantie;;Float;% slachtoffers;1;
T001502_13;M007849_11;709;Aangifte bij politie totaal;;Float;% slachtoffers;1;
A047493_12;M007849_11;710;Aangifte via internet;;Float;% slachtoffers;1;
A051832_12;M007849_11;711;Aangifte via telefoon;;Float;% slachtoffers;1;
A051833_12;M007849_11;712;Aangifte op het bureau;;Float;% slachtoffers;1;
A051834_12;M007849_11;713;Aangifte op plek voorval (thuis);;Float;% slachtoffers;1;
A051835_12;M007849_11;714;Aangifte op andere manier;;Float;% slachtoffers;1;
A051837_12;T001641_12;716;Niet aan gedacht/niet belangrijk;;Float;% slachtoffers geen melding/aangifte;1;
A051838_12;T001641_12;717;Geen zin of tijd/teveel moeite;;Float;% slachtoffers geen melding/aangifte;1;
A051839_12;T001641_12;718;Niet aan toegekomen, gebeurt nog;;Float;% slachtoffers geen melding/aangifte;1;
A051840_12;T001641_12;719;Het helpt toch niets;;Float;% slachtoffers geen melding/aangifte;1;
A051841_12;T001641_12;720;Geen zaak voor politie;;Float;% slachtoffers geen melding/aangifte;1;
A051842_12;T001641_12;721;Financiële schade is al vergoed;;Float;% slachtoffers geen melding/aangifte;1;
A051843_12;T001641_12;722;Was al opgelost;;Float;% slachtoffers geen melding/aangifte;1;
A051844_12;T001641_12;723;Angst voor vervelende reactie/wraak;;Float;% slachtoffers geen melding/aangifte;1;
A051845_12;T001641_12;724;Door schuld of schaamtegevoel;;Float;% slachtoffers geen melding/aangifte;1;
A051846_12;T001641_12;725;Op advies van politie;;Float;% slachtoffers geen melding/aangifte;1;
A051847_12;T001641_12;726;Digitale melding/aangifte lukte niet;;Float;% slachtoffers geen melding/aangifte;1;
A051848_12;T001641_12;727;Anders;;Float;% slachtoffers geen melding/aangifte;1;
